g763.t1,P0DPW4.1,40.476,84,49,1,112,195,29,111,5.77e-11,61.6,58.33
g763.t1,P0DPW5.1,41.935,62,35,1,112,173,28,88,9.72e-06,47.0,54.84
g763.t1,P0DPW3.1,32.812,64,39,2,119,182,23,82,0.003,39.3,50.00
g2369.t1,Q69ZQ1.2,36.304,606,351,14,99,695,96,675,6.04e-115,379,53.47
g2369.t1,Q6NSJ0.2,36.213,602,346,14,103,695,101,673,1.13e-113,375,52.49
g2369.t1,P19965.2,27.617,554,337,21,158,695,134,639,3.88e-47,184,46.03
g2369.t1,Q5F4B8.1,27.027,444,300,10,812,1241,5,438,6.10e-25,113,43.92
g2369.t1,Q7ZWG6.1,24.064,374,265,3,864,1232,95,454,1.53e-22,106,43.58
g2369.t1,Q6DCX5.1,24.648,426,310,4,801,1224,14,430,1.96e-22,105,42.96
g2369.t1,Q5RBM3.1,25.000,424,299,9,812,1224,4,419,5.36e-21,101,43.16
g2369.t1,Q7Z3Q1.1,24.292,424,302,9,812,1224,4,419,1.74e-19,96.7,42.69
g2369.t1,Q6PEM8.1,23.798,416,302,4,816,1228,27,430,2.99e-18,92.8,43.27
g2369.t1,Q5EBA8.1,23.558,416,303,4,816,1228,27,430,1.01e-17,91.3,43.75
g2369.t1,Q5AW25.1,24.845,483,288,21,228,691,216,642,1.27e-17,92.4,40.58
g2369.t1,Q96NT5.1,23.990,421,303,5,816,1232,27,434,4.35e-17,89.4,43.23
g2369.t1,Q05B81.1,23.317,416,304,4,816,1228,27,430,1.01e-16,88.2,43.51
g2369.t1,P96793.1,22.887,485,306,18,228,695,196,629,5.86e-16,87.0,40.62
g2369.t1,D2PPM7.1,22.865,363,229,11,360,694,334,673,1.76e-13,79.0,39.94
g2369.t1,D0KQM8.1,23.326,433,256,17,312,696,166,570,1.12e-11,72.8,40.42
g2369.t1,P0CD66.1,23.326,433,256,17,312,696,166,570,1.15e-11,72.8,40.42
g2369.t1,P31434.2,23.969,388,241,17,323,688,265,620,2.63e-11,71.6,39.95
g2369.t1,Q9US55.1,23.743,358,227,10,357,690,408,743,2.73e-10,68.6,39.11
g2369.t1,Q9F234.1,22.652,362,235,10,357,696,294,632,2.21e-08,62.4,38.12
g2369.t1,P79403.1,22.670,397,228,16,336,692,405,762,4.09e-08,61.6,37.28
g2369.t1,Q14697.3,22.933,375,222,15,348,689,419,759,4.60e-07,58.2,36.27
g2369.t1,Q9URX4.1,28.477,151,79,4,550,691,681,811,1.02e-06,57.0,45.70
g2369.t1,O04931.1,28.205,156,89,4,544,693,574,712,1.22e-06,56.6,45.51
g2369.t1,Q8BHN3.1,21.900,379,221,15,348,689,419,759,1.26e-06,56.6,37.47
g2369.t1,Q4R4N7.1,22.475,396,240,15,326,689,399,759,1.41e-06,56.6,35.86
g2369.t1,Q43763.1,27.152,151,87,3,546,690,542,675,3.65e-06,55.1,46.36
g2369.t1,Q6P7A9.1,22.460,374,210,14,369,690,413,758,5.00e-06,54.7,36.10
g2369.t1,P70699.2,23.514,370,211,13,369,690,413,758,1.03e-05,53.5,35.95
g2369.t1,O74254.3,27.703,148,82,4,550,690,640,769,6.29e-05,51.2,43.92
g2369.t1,Q653V7.1,22.917,384,218,18,360,694,331,685,1.04e-04,50.4,39.06
g2369.t1,P32138.3,21.671,383,245,14,344,697,272,628,1.31e-04,50.1,38.90
g2369.t1,P38138.1,25.556,180,101,6,537,708,614,768,2.85e-04,48.9,43.89
g2369.t1,P22861.1,26.351,148,84,3,550,690,650,779,0.001,47.0,41.22
g2369.t1,Q9FN05.1,26.351,148,81,3,546,684,596,724,0.001,47.0,39.86
g2369.t1,P29064.1,25.806,155,89,5,545,691,749,885,0.001,47.0,41.94
g2369.t1,Q94502.1,26.923,104,67,3,592,687,654,756,0.002,46.6,49.04
g2369.t1,B3PEE6.1,26.174,149,89,5,545,687,487,620,0.002,46.2,45.64
g2369.t1,B9F676.1,21.081,370,207,15,356,684,397,722,0.003,45.4,37.30
g2369.t1,Q8BVW0.2,21.519,158,96,3,546,694,579,717,0.006,44.7,40.51
g2369.t1,Q9BE70.2,21.519,158,96,3,546,694,450,588,0.009,43.9,41.14
g2369.t1,Q8TET4.3,21.250,160,98,3,544,694,593,733,0.011,43.9,41.25
g2369.t1,Q12558.1,27.027,148,85,3,550,691,672,802,0.015,43.5,41.89
g2369.t1,Q9C0Y4.2,24.161,149,88,4,550,691,659,789,0.035,42.0,44.30
g3715.t1,P40423.1,56.604,159,67,1,6,162,13,171,4.33e-59,187,75.47
g3715.t1,Q5E9E2.3,56.688,157,65,2,9,162,14,170,1.06e-58,186,76.43
g3715.t1,O14950.2,56.688,157,65,2,9,162,14,170,1.88e-58,186,75.80
g3715.t1,P24032.2,56.688,157,65,2,9,162,14,170,2.76e-58,186,76.43
g3715.t1,Q09510.1,53.571,168,71,3,1,161,1,168,4.08e-58,185,76.19
g3715.t1,P19105.2,56.774,155,64,2,11,162,15,169,5.42e-58,185,76.77
g3715.t1,A4IF97.1,56.051,157,66,2,9,162,13,169,9.54e-58,184,75.80
g3715.t1,P13832.2,55.414,157,67,2,9,162,14,170,1.36e-57,184,75.80
g3715.t1,P24844.4,56.494,154,64,2,11,161,16,169,2.68e-57,183,77.27
g3715.t1,P18666.3,56.051,157,66,2,9,162,14,170,3.48e-57,182,75.16
g3715.t1,P02612.2,55.844,154,65,2,11,161,16,169,5.80e-57,182,77.27
g3715.t1,Q02045.1,55.814,172,66,4,1,162,1,172,6.67e-57,182,72.67
g3715.t1,Q9CQ19.3,56.494,154,64,2,11,161,16,169,7.36e-57,182,76.62
g3715.t1,Q7M2V4.2,56.098,164,68,3,1,160,1,164,2.82e-56,180,73.17
g3715.t1,P41691.2,55.814,172,66,4,1,162,1,172,5.21e-56,180,70.93
g3715.t1,Q64122.2,54.902,153,67,1,11,161,16,168,1.01e-54,176,74.51
g3715.t1,P10916.3,55.488,164,69,3,1,160,1,164,1.54e-54,176,71.95
g3715.t1,P08733.2,54.268,164,71,3,1,160,1,164,2.00e-54,176,72.56
g3715.t1,P51667.3,54.268,164,71,3,1,160,1,164,3.16e-54,175,71.95
g3715.t1,Q3SZE5.1,54.878,164,70,3,1,160,1,164,4.88e-54,174,71.95
g3715.t1,P04113.1,53.459,159,72,1,7,163,3,161,7.41e-52,169,69.81
g3715.t1,P02610.2,53.988,163,72,3,1,160,1,163,4.38e-51,167,70.55
g3715.t1,P07461.1,51.634,153,71,2,13,162,1,153,3.73e-50,164,72.55
g3715.t1,P02611.2,51.829,164,74,4,1,160,1,163,1.77e-48,160,70.12
g3715.t1,Q62082.1,52.174,161,72,4,5,160,40,200,2.40e-47,159,71.43
g3715.t1,P04112.1,50.641,156,75,1,10,163,1,156,5.27e-47,156,66.67
g3715.t1,Q9QVP4.1,49.686,159,76,3,8,162,16,174,5.70e-46,154,68.55
g3715.t1,Q01449.1,49.057,159,77,3,8,162,16,174,1.67e-45,153,68.55
g3715.t1,F1SSF9.3,49.057,159,77,3,8,162,16,174,2.18e-45,152,68.55
g3715.t1,P02609.2,46.707,167,85,3,1,163,1,167,2.90e-45,152,69.46
g3715.t1,P80164.1,50.327,153,74,1,12,162,43,195,4.38e-45,152,67.97
g3715.t1,P19626.1,52.027,148,67,2,19,162,19,166,5.36e-45,151,70.27
g3715.t1,P19625.1,52.027,148,67,2,19,162,19,166,7.02e-45,151,70.27
g3715.t1,P04466.2,49.080,163,78,4,1,158,1,163,1.39e-44,150,69.94
g3715.t1,P97457.3,49.080,163,78,4,1,158,1,163,1.45e-44,150,69.94
g3715.t1,P02608.3,48.780,164,78,4,1,158,1,164,1.74e-44,150,70.12
g3715.t1,P24732.2,48.171,164,79,4,1,158,1,164,3.92e-44,149,70.12
g3715.t1,P13543.3,48.718,156,78,1,10,163,2,157,1.96e-43,147,64.10
g3715.t1,O93409.1,46.429,168,84,4,1,162,1,168,1.97e-43,147,67.26
g3715.t1,Q96A32.1,49.375,160,72,4,8,158,4,163,2.32e-43,147,70.00
g3715.t1,P05963.1,48.718,156,78,1,10,163,1,156,2.77e-43,147,64.74
g3715.t1,Q0P571.1,47.561,164,80,4,1,158,1,164,4.87e-43,146,69.51
g3715.t1,P05944.1,48.077,156,79,1,10,163,1,156,1.26e-42,145,64.74
g3715.t1,Q66I73.1,45.833,168,85,4,1,162,1,168,2.44e-42,145,67.26
g3715.t1,Q9BUA6.2,43.147,197,73,5,5,162,30,226,7.68e-42,145,59.39
g3715.t1,P08051.1,46.203,158,82,2,8,163,4,160,2.49e-41,142,67.72
g3715.t1,P08052.1,51.562,128,60,1,23,148,12,139,2.57e-38,134,68.75
g3715.t1,P02613.1,46.154,156,79,2,10,163,1,153,6.78e-38,133,61.54
g3715.t1,Q1HPS0.1,43.506,154,85,2,5,156,36,189,6.25e-37,132,64.94
g3715.t1,P18432.2,40.506,158,90,2,3,156,54,211,1.91e-32,121,63.29
g3715.t1,B7SNI3.1,39.073,151,89,3,16,163,22,172,1.24e-26,104,58.94
g3715.t1,P84339.2,37.143,140,81,3,23,155,7,146,3.25e-23,95.1,62.14
g3715.t1,P11120.2,36.429,140,82,3,23,155,7,146,3.77e-23,94.7,62.86
g3715.t1,P02597.2,36.170,141,83,3,23,156,7,147,4.01e-23,94.7,63.12
g3715.t1,P02597.2,30.303,66,42,1,27,88,84,149,1.37e-04,44.3,60.61
g3715.t1,O94739.3,36.429,140,82,3,23,155,7,146,5.07e-23,94.4,62.86
g3715.t1,P23286.2,37.857,140,80,3,23,155,7,146,7.18e-23,94.0,61.43
g3715.t1,Q95NR9.3,36.170,141,83,3,23,156,7,147,7.26e-23,94.0,63.12
g3715.t1,Q9U6D3.3,35.461,141,84,3,23,156,7,147,9.16e-23,94.0,63.12
g3715.t1,P02594.2,35.461,141,84,3,23,156,7,147,9.26e-23,93.6,63.12
g3715.t1,Q40302.3,36.429,140,82,3,23,155,7,146,9.55e-23,93.6,62.86
g3715.t1,Q7T3T2.3,35.461,141,84,3,23,156,7,147,1.12e-22,93.6,63.12
g3715.t1,P0DP23.1,35.461,141,84,3,23,156,7,147,1.18e-22,93.6,63.12
g3715.t1,P27165.2,36.429,140,82,3,23,155,7,146,1.40e-22,93.2,62.86
g3715.t1,P11118.2,36.429,140,82,3,23,155,7,146,1.40e-22,93.2,62.14
g3715.t1,P11118.2,34.848,66,39,1,27,88,84,149,6.33e-05,45.4,59.09
g3715.t1,P53440.1,35.211,142,85,3,23,157,13,154,1.60e-22,93.2,61.27
g3715.t1,P69097.2,36.957,138,80,3,25,155,9,146,1.60e-22,93.2,63.04
g3715.t1,P69097.2,34.848,66,39,1,27,88,84,149,9.41e-05,44.7,59.09
g3715.t1,P62184.2,36.170,141,83,3,23,156,7,147,1.62e-22,93.2,63.12
g3715.t1,P18061.2,36.957,138,80,3,25,155,9,146,1.92e-22,92.8,63.04
g3715.t1,P18061.2,34.848,66,39,1,27,88,84,149,7.18e-05,45.1,59.09
g3715.t1,P21251.2,35.461,141,84,3,23,156,7,147,2.11e-22,92.8,62.41
g3715.t1,A8CEP3.1,36.429,140,82,3,23,155,7,146,2.27e-22,92.8,62.86
g3715.t1,O96102.3,36.429,140,82,3,23,155,7,146,2.50e-22,92.8,63.57
g3715.t1,P02599.3,36.429,140,82,3,23,155,9,148,2.56e-22,92.8,62.86
g3715.t1,Q8STF0.3,35.065,154,92,4,10,156,2,154,2.96e-22,92.8,61.04
g3715.t1,Q8X187.3,36.429,140,82,3,23,155,7,146,3.22e-22,92.4,62.14
g3715.t1,P41041.1,36.429,140,82,3,23,155,9,148,3.25e-22,92.4,62.14
g3715.t1,Q9UB37.3,35.461,141,84,3,23,156,7,147,3.43e-22,92.4,63.12
g3715.t1,P24044.4,35.000,140,84,3,23,155,7,146,3.89e-22,92.0,62.86
g3715.t1,O02367.3,35.461,141,84,3,23,156,7,147,4.47e-22,92.0,62.41
g3715.t1,O16305.3,35.461,141,84,3,23,156,7,147,4.76e-22,92.0,62.41
g3715.t1,P62145.2,35.461,141,84,3,23,156,7,147,4.91e-22,92.0,62.41
g3715.t1,Q95NI4.3,35.461,141,84,3,23,156,7,147,5.23e-22,91.7,62.41
g3715.t1,Q95NI4.3,31.507,73,46,1,20,88,77,149,8.71e-05,45.1,56.16
g3715.t1,O96081.3,35.461,141,84,3,23,156,7,147,5.40e-22,91.7,62.41
g3715.t1,O96081.3,32.857,70,43,1,20,85,77,146,3.22e-05,46.2,58.57
g3715.t1,P11121.2,35.461,141,84,3,23,156,7,147,6.13e-22,91.7,62.41
g3715.t1,P61859.2,35.714,140,83,3,23,155,7,146,9.55e-22,91.3,61.43
g3715.t1,Q9HFY6.3,36.429,140,82,3,23,155,7,146,1.02e-21,90.9,62.14
g3715.t1,P02595.2,35.461,141,84,3,23,156,7,147,1.11e-21,90.9,62.41
g3715.t1,Q9XZP2.4,36.170,141,83,3,23,156,7,147,1.31e-21,90.9,62.41
g3715.t1,A3E3H0.1,35.000,140,84,3,23,155,7,146,1.74e-21,90.5,62.86
g3715.t1,Q6R520.3,34.752,141,85,3,23,156,7,147,2.04e-21,90.1,62.41
g3715.t1,P60204.2,35.000,140,84,3,23,155,7,146,2.10e-21,90.1,61.43
g3715.t1,Q9GRJ1.3,35.000,140,84,3,23,155,7,146,2.47e-21,90.1,62.14
g3715.t1,A8I1Q0.1,35.000,140,84,3,23,155,7,146,3.42e-21,89.7,62.14
g3715.t1,P04352.2,34.014,147,90,3,23,162,10,156,3.90e-21,89.7,61.22
g3715.t1,P04352.2,31.429,70,44,1,20,85,80,149,3.50e-04,43.5,55.71
g3715.t1,P07463.3,34.043,141,86,3,23,156,7,147,4.26e-21,89.4,60.99
g3715.t1,P13868.2,35.000,140,84,3,23,155,7,146,4.54e-21,89.4,62.14
g3715.t1,O97341.3,35.461,141,84,3,23,156,7,147,5.32e-21,89.0,60.99
g3715.t1,O97341.3,31.507,73,46,1,20,88,77,149,1.58e-04,44.3,56.16
g3715.t1,P02598.4,33.571,140,86,3,23,155,7,146,5.55e-21,89.0,62.14
g3715.t1,P27166.2,33.571,140,86,3,23,155,7,146,5.55e-21,89.0,62.14
g3715.t1,P62146.2,35.294,136,81,3,23,151,7,142,1.06e-20,88.2,62.50
g3715.t1,P27163.2,34.286,140,85,3,23,155,7,146,1.22e-20,88.2,61.43
g3972.t1,Q9H173.1,26.622,447,269,15,599,1032,61,461,6.08e-28,122,47.43
g3972.t1,Q9EPK6.2,27.332,461,262,12,591,1031,53,460,5.29e-27,120,44.47
g3972.t1,Q6P6S4.1,27.451,459,254,14,599,1032,61,465,1.01e-26,119,44.66
g3972.t1,Q32KV6.1,28.158,380,227,12,604,979,63,400,1.67e-25,115,47.89
g3972.t1,Q9VBV5.1,29.204,339,192,8,608,940,34,330,2.99e-25,114,46.90
g3972.t1,Q6NUA7.1,25.104,482,284,17,566,1023,14,442,1.05e-21,103,45.23
g3972.t1,O62243.2,27.700,213,130,4,1338,1548,80,270,3.19e-20,95.9,44.60
g3972.t1,Q19269.2,30.000,210,120,5,1338,1543,125,311,8.08e-20,98.6,46.19
g3972.t1,Q9Z2Q5.2,35.404,161,88,4,1060,1210,9,163,5.55e-18,87.4,56.52
g3972.t1,Q5NTA4.1,41.525,118,60,4,294,406,128,241,1.35e-17,88.2,52.54
g3972.t1,P83565.2,35.714,140,84,2,1071,1210,30,163,1.72e-17,85.9,60.71
g3972.t1,Q9U3S9.2,29.187,209,123,5,1337,1543,80,265,1.93e-17,89.0,42.11
g3972.t1,P55113.2,28.365,208,125,5,1338,1544,89,273,2.01e-17,89.7,44.71
g3972.t1,O24603.1,34.731,167,93,6,257,412,81,242,2.69e-17,87.4,50.30
g3972.t1,D2KBH9.1,29.680,219,124,7,1332,1545,104,297,5.95e-17,88.6,44.75
g3972.t1,O22842.1,37.931,174,86,7,241,405,80,240,1.07e-16,85.5,47.70
g3972.t1,O22841.1,36.782,174,88,8,241,405,82,242,1.21e-15,82.4,48.28
g3972.t1,Q18439.3,29.384,211,123,6,1336,1543,119,306,9.36e-15,81.6,42.18
g3972.t1,P55112.4,26.540,211,133,3,1338,1547,104,293,1.94e-14,79.7,39.81
g3972.t1,K7Z9Q9.1,27.053,207,130,6,1338,1543,62,248,2.32e-14,79.0,42.03
g3972.t1,Q9DER7.1,26.818,220,121,6,1338,1545,153,344,7.38e-14,80.9,41.36
g3972.t1,Q9WVM6.1,27.650,217,123,5,1338,1545,156,347,1.10e-13,80.1,41.47
g3972.t1,P42820.1,35.542,166,76,6,248,405,104,246,1.64e-13,76.3,45.18
g3972.t1,P55115.2,28.302,212,128,4,1334,1544,119,307,1.75e-13,79.0,42.45
g3972.t1,Q9Y6L7.1,26.728,217,125,5,1338,1545,159,350,2.08e-13,79.3,41.47
g3972.t1,O24658.1,33.721,172,100,5,242,406,60,224,2.27e-13,75.5,43.60
g3972.t1,P07584.2,27.273,132,77,2,1338,1469,59,171,2.49e-13,75.1,47.73
g3972.t1,P24626.2,43.519,108,44,3,295,387,128,233,2.54e-13,76.3,55.56
g3972.t1,Q20191.5,27.751,209,127,4,1338,1545,119,304,2.72e-13,77.4,43.54
g3972.t1,Q06209.2,33.951,162,95,4,250,406,74,228,3.48e-13,75.1,45.06
g3972.t1,O57382.1,25.909,220,123,5,1338,1545,162,353,4.18e-13,78.2,40.91
g3972.t1,O57460.1,23.507,268,159,6,1296,1545,118,357,4.26e-13,78.2,40.30
g3972.t1,P91828.2,27.315,216,131,9,1334,1543,73,268,4.82e-13,75.9,47.22
g3972.t1,Q9M2U5.1,32.759,174,98,8,245,406,66,232,1.07e-12,73.6,48.28
g3972.t1,Q8JI28.1,25.000,220,125,5,1338,1545,152,343,2.55e-12,75.5,39.55
g3972.t1,P98070.1,26.636,214,133,4,1336,1545,91,284,2.91e-12,75.1,40.65
g3972.t1,P25765.2,41.441,111,47,3,293,387,132,240,3.12e-12,73.2,52.25
g3972.t1,Q5NB11.1,38.793,116,42,6,293,387,99,206,5.46e-12,71.6,51.72
g3972.t1,O04138.2,32.335,167,95,7,250,406,86,244,6.32e-12,71.6,49.10
g3972.t1,C9D7R3.1,27.064,218,118,9,1338,1545,53,239,6.44e-12,70.5,43.12
g3972.t1,Q20176.3,26.147,218,129,5,1334,1543,53,246,7.17e-12,74.3,40.37
g3972.t1,Q7Y1Z0.1,32.335,167,95,7,250,406,89,247,7.35e-12,71.2,47.90
g3972.t1,P29022.1,30.769,169,100,6,247,406,79,239,9.05e-12,70.9,44.38
g3972.t1,O43897.1,25.455,220,124,6,1338,1545,157,348,1.04e-11,73.6,40.91
g3972.t1,P42664.2,28.302,212,121,7,1338,1543,99,285,1.27e-11,72.8,42.92
g3972.t1,Q9NQ50.1,35.000,140,85,2,1071,1210,30,163,1.36e-11,68.9,54.29
g3972.t1,Q62381.1,25.455,220,124,6,1338,1545,157,348,2.08e-11,72.8,40.45
g3972.t1,Q9VJN9.1,26.977,215,138,7,1334,1544,49,248,3.27e-11,68.6,40.47
g3972.t1,Q39785.2,36.607,112,50,4,293,387,102,209,6.39e-11,68.6,50.89
g3972.t1,Q39799.1,36.607,112,50,4,293,387,124,231,6.74e-11,68.9,50.89
g3972.t1,O24598.1,31.056,161,94,5,270,425,91,239,8.59e-11,67.8,44.72
g3972.t1,Q6K8R2.1,34.677,124,74,4,287,406,110,230,9.31e-11,67.8,51.61
g3972.t1,Q1LW01.1,26.961,204,120,6,1343,1543,86,263,1.26e-10,67.4,41.67
g3972.t1,P23951.1,37.719,114,45,4,293,387,75,181,1.38e-10,67.0,49.12
g3972.t1,P98063.2,24.658,219,131,5,1336,1545,133,326,1.43e-10,70.1,39.73
g3972.t1,P36907.1,37.719,114,44,5,293,387,130,235,1.49e-10,67.8,51.75
g3972.t1,P29023.1,32.934,167,97,6,247,405,68,227,1.58e-10,67.0,43.71
g3972.t1,P85084.1,37.383,107,51,3,295,387,54,158,1.72e-10,66.2,48.60
g3972.t1,P98061.4,26.214,206,124,6,1345,1545,138,320,1.78e-10,68.9,46.12
g3972.t1,P31580.1,26.601,203,124,5,1342,1543,91,269,1.91e-10,66.6,41.87
g3972.t1,Q41596.1,37.168,113,47,5,293,387,122,228,2.00e-10,67.4,50.44
g3972.t1,Q9FRV1.1,37.719,114,45,4,293,387,130,236,2.00e-10,67.4,50.00
g3972.t1,P93680.2,36.036,111,51,4,293,387,125,231,2.04e-10,67.4,52.25
g3972.t1,Q8GUD7.1,34.483,116,59,3,287,387,95,208,2.44e-10,67.0,47.41
g3972.t1,Q42993.1,35.345,116,47,3,293,387,129,237,2.53e-10,67.0,49.14
g3972.t1,P11955.4,38.393,112,43,4,295,387,129,233,2.62e-10,67.0,50.00
g3972.t1,Q688M5.1,36.842,114,46,4,293,387,136,242,2.92e-10,67.0,47.37
g3972.t1,Q9FRV0.1,36.842,114,46,4,293,387,75,181,2.96e-10,66.2,50.00
g3972.t1,P13497.2,25.229,218,131,5,1336,1545,128,321,3.42e-10,68.6,38.99
g3972.t1,P51613.1,34.821,112,47,4,295,387,117,221,3.56e-10,66.6,50.00
g3972.t1,Q7DNA1.1,37.615,109,52,3,293,387,139,245,4.67e-10,66.6,51.38
g3972.t1,P06215.1,32.743,113,51,4,293,387,126,231,4.68e-10,66.2,48.67
g3972.t1,P36361.1,32.743,113,51,4,293,387,125,230,4.68e-10,66.2,48.67
g3972.t1,Q21252.2,27.358,212,115,8,1338,1543,70,248,6.00e-10,65.5,40.57
g3972.t1,P86473.2,35.965,114,47,4,293,387,123,229,6.78e-10,65.9,47.37
g3972.t1,C9D7R2.1,22.170,212,139,6,1338,1545,62,251,9.63e-10,64.3,43.87
g3972.t1,P31581.1,25.616,203,126,5,1342,1543,100,278,1.11e-09,64.7,41.38
g3972.t1,Q949H3.2,33.621,116,60,3,287,387,114,227,1.26e-09,65.1,48.28
g3972.t1,Q9SAY3.1,38.182,110,43,4,293,387,147,246,1.32e-09,65.1,50.00
g3972.t1,Q7Y1Z1.1,38.182,110,43,4,293,387,147,246,1.35e-09,65.1,50.00
g3972.t1,Q09023.1,33.028,109,57,3,293,387,121,227,1.40e-09,65.1,49.54
g3972.t1,P21226.2,36.111,108,54,3,293,387,118,223,1.80e-09,64.7,50.00
g3972.t1,Q05537.1,34.211,114,49,4,293,387,55,161,2.22e-09,63.2,49.12
g3972.t1,Q10S66.1,38.947,95,56,1,293,387,76,168,2.85e-09,63.2,51.58
g3972.t1,P19171.3,34.862,109,55,3,293,387,136,242,3.36e-09,63.9,47.71
g3972.t1,P86181.1,41.935,93,43,3,295,387,45,126,4.33e-09,61.2,51.61
g3972.t1,Q9N5R0.3,24.885,217,114,8,1338,1543,81,259,1.83e-08,61.2,41.47
g3972.t1,O17264.2,28.230,209,117,7,1343,1543,71,254,2.16e-08,62.0,42.58
g3972.t1,P27054.1,34.454,119,65,4,294,406,118,229,2.31e-08,60.5,47.90
g3972.t1,P16579.2,36.036,111,46,4,295,387,141,244,3.06e-08,60.8,44.14
g3972.t1,P05315.1,33.058,121,54,5,287,387,122,235,4.22e-08,60.5,46.28
g3972.t1,P31579.1,23.729,177,104,6,1330,1500,77,228,5.04e-08,59.7,40.68
g3972.t1,W0IWL0.1,31.897,116,60,3,287,387,144,255,5.19e-08,60.1,45.69
g3972.t1,P52405.1,31.852,135,59,6,279,387,98,225,5.57e-08,60.1,45.19
g3972.t1,P29059.1,33.028,109,53,4,295,387,137,241,7.91e-08,59.7,51.38
g3972.t1,P42674.1,26.943,193,120,5,1336,1525,100,274,8.52e-08,60.5,41.97
g3972.t1,Q05538.1,33.058,121,54,5,287,387,116,229,9.55e-08,59.3,46.28
g3972.t1,Q99158.2,23.734,316,189,14,607,914,39,310,1.09e-07,59.7,44.30
g3972.t1,P16061.1,33.945,109,56,3,293,387,113,219,1.12e-07,58.9,45.87
g3972.t1,P52404.1,31.111,135,60,6,279,387,96,223,1.29e-07,58.9,44.44
g4276.t1,Q8BS35.1,39.130,69,38,3,121,187,17,83,5.29e-06,50.8,62.32
g4276.t1,A0JPQ8.1,37.500,72,41,3,121,190,17,86,6.23e-06,50.4,61.11
g5953.t1,P10731.2,34.180,787,434,19,32,789,59,790,7.57e-129,416,49.30
g5953.t1,P19021.2,34.088,795,424,23,32,789,59,790,2.48e-127,412,48.55
g5953.t1,P14925.1,31.557,976,519,30,32,933,64,964,1.28e-125,407,46.31
g5953.t1,P97467.2,33.582,804,438,24,21,789,51,793,1.67e-124,404,48.26
g5953.t1,P12890.1,33.811,488,273,12,467,921,375,845,7.03e-67,244,49.80
g5953.t1,P12890.1,36.268,284,161,6,23,300,53,322,2.41e-51,198,53.52
g5953.t1,P08478.3,38.547,358,193,9,470,817,374,714,6.33e-63,233,55.87
g5953.t1,P08478.3,35.915,284,162,6,23,300,51,320,6.98e-51,197,53.52
g5953.t1,Q9V5E1.1,33.117,462,273,14,483,931,95,533,3.10e-60,218,50.22
g5953.t1,Q9W1L5.2,35.780,327,167,8,488,803,102,396,6.81e-56,202,52.91
g5953.t1,O01404.2,33.724,341,194,10,6,320,14,348,1.35e-53,194,50.15
g5953.t1,Q95XM2.1,30.909,330,199,11,1,321,6,315,1.34e-47,176,48.79
g5953.t1,P83388.2,34.000,300,176,9,7,300,9,292,3.66e-44,174,53.33
g5953.t1,P83388.2,30.699,329,186,12,497,808,356,659,4.91e-29,127,44.07
g5953.t1,P91268.2,33.762,311,168,11,497,798,58,339,7.00e-41,157,51.45
g5953.t1,Q98ST7.1,26.482,253,159,8,73,305,234,479,8.15e-14,79.0,41.50
g5953.t1,Q6UVY6.1,26.877,253,158,7,73,305,234,479,1.30e-13,78.6,37.15
g5953.t1,Q9CXI3.1,26.087,253,160,7,73,305,234,479,4.23e-12,73.6,38.34
g5953.t1,Q5TZ24.2,24.579,297,188,10,36,307,198,483,6.04e-12,73.2,39.06
g5953.t1,Q68CI2.1,25.316,237,164,4,73,298,253,487,1.81e-10,68.2,40.51
g5953.t1,Q7TT41.1,25.758,264,165,9,60,302,224,477,5.29e-10,66.6,37.88
g5953.t1,P09172.3,24.014,279,182,10,42,298,225,495,5.70e-10,66.6,40.86
g5953.t1,A6NHM9.1,25.856,263,165,10,60,302,224,476,1.21e-09,65.5,40.30
g5953.t1,Q08CS6.2,24.800,250,151,8,73,302,236,468,1.69e-08,62.0,39.20
g5953.t1,P15101.2,23.792,269,181,9,48,298,226,488,1.01e-07,59.3,40.52
g5953.t1,Q9XTA0.1,22.878,271,191,8,44,298,220,488,2.17e-07,58.5,40.59
g5953.t1,Q05754.1,22.340,282,183,9,42,298,228,498,3.35e-05,51.2,39.72
g5953.t1,Q64237.2,25.628,199,133,4,113,298,303,499,5.65e-05,50.4,38.19
g5953.t1,P79263.1,42.857,56,27,1,859,909,778,833,0.019,42.4,51.79
g5971.t1,P0DPW4.1,44.118,68,36,2,42,108,29,95,3.85e-13,64.7,61.76
g5971.t1,P0DPW5.1,34.375,64,42,0,42,105,28,91,2.35e-06,47.0,51.56
g5971.t1,O45599.2,42.593,54,27,3,49,102,1240,1289,8.05e-04,41.6,59.26
g5971.t1,P0DPW3.1,31.818,44,30,0,67,110,38,81,0.018,35.8,59.09
g6009.t1,P0DPW4.1,39.759,83,48,2,65,146,29,110,4.81e-14,69.7,62.65
g6009.t1,P0DPW5.1,44.444,45,25,0,81,125,44,88,2.02e-06,48.9,60.00
g6009.t1,P0DPW3.1,37.500,48,30,0,86,133,34,81,8.19e-04,40.8,58.33
g6009.t1,O45599.2,38.889,54,29,2,72,125,1240,1289,0.001,43.5,61.11
g6010.t1,P0DPW4.1,39.759,83,48,2,65,146,29,110,6.63e-14,68.6,62.65
g6010.t1,P0DPW5.1,37.705,61,38,0,65,125,28,88,3.98e-06,47.8,52.46
g6010.t1,P0DPW3.1,35.294,51,33,0,86,136,34,84,0.001,40.0,56.86
g6010.t1,O45599.2,37.037,54,30,2,72,125,1240,1289,0.004,41.2,61.11
g6016.t1,Q8I1F4.1,80.263,228,44,1,391,618,110,336,2.55e-121,381,88.16
g6016.t1,Q9W1V3.1,80.617,227,43,1,391,617,109,334,3.78e-121,381,88.55
g6016.t1,Q94AH9.2,75.325,231,57,0,387,617,74,304,6.55e-121,379,87.45
g6016.t1,Q9FEF8.1,74.892,231,58,0,387,617,63,293,2.49e-120,377,86.15
g6016.t1,P22232.1,75.620,242,51,3,393,633,88,322,7.56e-118,371,84.71
g6016.t1,P35550.2,75.652,230,55,1,388,617,87,315,1.38e-116,368,86.09
g6016.t1,P22087.2,75.652,230,55,1,388,617,81,309,1.77e-116,367,86.09
g6016.t1,P22509.2,72.358,246,62,2,388,633,87,326,1.81e-116,368,82.52
g6016.t1,Q22053.1,76.211,227,53,1,391,617,115,340,4.37e-113,360,86.78
g6016.t1,P35551.1,71.930,228,64,0,393,620,73,300,1.07e-112,357,85.96
g6016.t1,Q756P0.1,70.563,231,62,2,393,617,87,317,2.09e-108,346,83.98
g6016.t1,Q80WS3.1,61.765,306,86,5,339,633,29,314,2.56e-108,345,72.22
g6016.t1,P15646.1,70.259,232,63,1,393,618,86,317,3.24e-108,346,83.19
g6016.t1,Q6BQ34.1,70.130,231,63,2,393,617,88,318,6.15e-107,342,83.55
g6016.t1,Q9HE26.2,69.787,235,64,3,391,618,78,312,7.79e-105,337,82.98
g6016.t1,Q27200.2,67.391,230,73,2,388,617,61,288,5.55e-102,328,83.91
g6016.t1,Q8SR42.1,59.341,273,91,4,356,617,8,271,6.41e-98,317,73.26
g6016.t1,Q55CW0.1,63.675,234,82,3,386,617,90,322,4.42e-95,310,80.77
g6016.t1,P35549.1,66.524,233,74,3,389,618,55,286,3.13e-94,306,80.69
g6016.t1,Q9FHB3.1,59.227,233,95,0,385,617,51,283,3.04e-90,296,75.97
g6016.t1,Q24957.1,60.345,232,90,2,387,617,88,318,6.05e-83,277,75.00
g6016.t1,Q5JFN1.1,51.339,224,101,3,395,616,3,220,3.80e-64,220,69.64
g6016.t1,Q9V2L5.1,50.442,226,104,3,393,616,2,221,3.34e-63,217,67.70
g6016.t1,C5A403.1,50.446,224,103,3,395,616,3,220,7.54e-63,216,69.20
g6016.t1,O57811.1,50.000,226,105,3,393,616,2,221,1.06e-62,216,68.14
g6016.t1,Q8U4M2.1,50.000,226,105,3,393,616,2,221,1.13e-62,216,68.58
g6016.t1,C6A2L3.1,49.778,225,105,3,395,617,3,221,1.97e-62,215,69.33
g6016.t1,B6YXH6.1,49.554,224,105,3,395,616,3,220,2.72e-62,215,69.20
g6016.t1,Q971W2.2,49.038,208,101,1,413,620,27,229,2.99e-60,209,66.83
g6016.t1,P58032.1,46.635,208,106,1,413,620,27,229,2.86e-58,203,66.83
g6016.t1,Q8ZTI9.1,47.234,235,114,4,391,620,4,233,5.45e-58,203,65.96
g6016.t1,C3MPR8.1,46.829,205,104,1,413,617,27,226,9.49e-58,202,67.80
g6016.t1,C3N5E4.1,46.829,205,104,1,413,617,27,226,9.68e-58,202,67.80
g6016.t1,P0CW09.1,53.241,216,91,4,402,614,10,218,3.74e-57,200,64.35
g6016.t1,Q8TTT4.1,51.570,223,98,4,402,621,10,225,4.81e-57,200,62.33
g6016.t1,Q46EB1.1,52.018,223,97,4,402,621,10,225,1.08e-56,199,63.68
g6016.t1,A4WKL2.1,46.983,232,113,4,391,617,4,230,1.23e-56,199,66.81
g6016.t1,A3MV65.1,46.552,232,114,4,391,617,4,230,1.46e-56,199,65.52
g6016.t1,A1RRJ7.1,47.660,235,113,4,391,620,4,233,2.54e-56,198,64.68
g6016.t1,Q9Y9U3.1,44.690,226,118,2,394,617,7,227,4.06e-56,197,65.93
g6016.t1,Q9P9M0.1,46.154,208,107,1,413,620,27,229,6.31e-56,197,66.35
g6016.t1,Q9HH35.1,46.296,216,107,3,402,617,10,216,9.00e-56,196,64.35
g6016.t1,B1YAJ6.1,46.383,235,116,4,391,620,4,233,1.30e-55,196,64.26
g6016.t1,O27283.1,45.205,219,111,3,402,620,12,221,2.24e-54,192,62.56
g6016.t1,P0CW08.1,55.497,191,78,3,402,592,10,193,2.25e-54,191,67.02
g6016.t1,Q8TXU9.1,47.639,233,109,4,393,619,4,229,3.46e-54,192,64.81
g6016.t1,A3DNY7.1,42.174,230,125,3,391,617,3,227,4.69e-54,191,65.65
g6016.t1,Q58108.1,46.078,204,104,2,413,616,25,222,4.91e-53,188,69.12
g6016.t1,Q74N89.1,42.128,235,129,2,387,621,1,228,8.80e-53,188,59.57
g6016.t1,A4FYN1.1,44.878,205,107,2,413,617,25,223,1.29e-52,187,66.83
g6016.t1,A6VJQ1.1,44.390,205,108,2,413,617,25,223,1.37e-52,187,66.83
g6016.t1,Q6LZM7.1,45.366,205,106,2,413,617,25,223,1.43e-52,187,66.34
g6016.t1,A9A6C8.1,44.878,205,107,2,413,617,25,223,2.51e-52,186,66.83
g6016.t1,P35552.1,45.545,202,104,2,413,614,25,220,1.81e-50,181,66.34
g6016.t1,P35553.1,45.641,195,100,2,420,614,30,218,1.32e-49,179,67.18
g6016.t1,A6UV22.1,44.554,202,107,3,413,614,25,221,2.49e-48,175,66.83
g6016.t1,O28192.1,45.641,195,94,5,423,617,23,205,4.60e-44,162,64.10
g6016.t1,A0B6X7.1,45.333,225,100,11,401,621,6,211,9.93e-43,158,64.89
g6016.t1,A3CSX5.1,42.233,206,103,7,413,617,4,194,7.17e-38,144,60.68
g6016.t1,Q9HJL8.1,39.000,200,112,4,418,617,32,221,2.18e-37,144,59.00
g6016.t1,Q5V3Q6.1,44.162,197,95,6,418,614,19,200,3.84e-33,130,61.93
g6016.t1,B9LMQ1.1,41.919,198,99,7,418,614,22,204,6.71e-33,130,57.07
g6016.t1,Q979P2.1,34.135,208,126,5,411,618,23,219,2.19e-32,129,57.21
g6016.t1,B0R515.1,40.465,215,108,9,406,618,11,207,1.49e-29,120,55.35
g6016.t1,Q18H64.1,40.394,203,105,8,418,618,23,211,2.79e-29,120,54.68
g6016.t1,Q2FRP5.1,40.000,175,99,3,443,617,25,193,6.77e-26,109,57.71
g6016.t1,Q6KZQ5.1,38.421,190,103,6,424,611,25,202,7.64e-25,107,56.84
g6124.t1,P0DPW4.1,40.964,83,47,2,57,138,29,110,2.21e-14,69.7,62.65
g6124.t1,P0DPW5.1,37.705,61,38,0,57,117,28,88,7.11e-07,49.7,54.10
g6124.t1,P0DPW3.1,32.787,61,38,1,68,128,27,84,2.55e-04,41.6,57.38
g6124.t1,O45599.2,38.889,54,29,2,64,117,1240,1289,3.98e-04,43.9,61.11
g6150.t1,P0DPW4.1,48.936,47,22,2,57,102,29,74,1.18e-06,48.1,63.83
g8583.t1,B4F769.1,38.462,429,220,14,154,573,280,673,8.43e-70,245,56.64
g8583.t1,B4F769.1,23.413,252,155,8,4,217,6,257,0.024,41.2,39.68
g8583.t1,Q9NZC9.1,36.830,429,228,12,154,573,323,717,4.72e-69,243,56.64
g8583.t1,Q9NZC9.1,36.957,46,29,0,172,217,247,292,0.019,41.6,60.87
g8583.t1,Q0P4U8.1,37.915,422,221,11,167,581,341,728,3.59e-68,241,57.35
g8583.t1,Q0P4U8.1,27.063,303,140,15,4,229,6,304,1.04e-05,52.4,39.27
g8583.t1,Q498E7.1,38.313,415,213,11,167,573,359,738,5.06e-68,241,56.87
g8583.t1,Q498E7.1,27.586,174,107,5,72,229,152,322,7.31e-05,49.7,41.38
g8583.t1,Q8BJL0.1,36.530,438,232,14,154,581,282,683,7.81e-66,234,55.71
g8583.t1,Q8BJL0.1,22.745,255,154,5,4,217,6,258,0.042,40.4,38.43
g8583.t1,Q9VMX6.2,35.714,420,234,11,158,575,145,530,3.40e-63,224,53.33
g8583.t1,Q9TTA5.2,35.981,428,231,13,154,573,321,713,4.13e-63,227,54.67
g8583.t1,B2ZFP3.1,36.941,425,226,11,157,573,231,621,3.03e-62,223,54.12
g8583.t1,Q8MNV7.1,34.005,397,229,5,178,573,118,482,2.49e-60,215,52.39
g8583.t1,Q6NZP1.1,34.639,332,178,8,255,575,29,332,3.00e-46,178,54.22
g8583.t1,E1BB03.3,33.636,330,184,7,255,575,29,332,4.13e-46,178,53.03
g8583.t1,Q5FWF4.2,33.134,335,189,7,250,575,24,332,4.09e-45,175,52.84
g8583.t1,Q1DUF9.1,25.914,301,169,8,242,518,775,1045,3.59e-18,92.4,46.51
g8583.t1,Q7X9V2.1,27.536,276,161,7,254,516,527,776,4.15e-18,92.4,45.29
g8583.t1,P0CO16.1,27.915,283,159,9,256,518,864,1121,5.93e-18,92.0,47.70
g8583.t1,P41877.2,28.182,220,140,7,243,447,111,327,1.02e-17,90.9,51.36
g8583.t1,O94421.2,27.715,267,159,8,262,515,868,1113,2.43e-17,90.1,47.57
g8583.t1,O14148.4,25.263,285,167,7,254,518,833,1091,8.13e-17,88.2,47.02
g8583.t1,Q4PGL2.1,26.389,288,160,10,254,518,989,1247,2.07e-16,87.0,46.18
g8583.t1,Q8RXS6.2,25.979,281,163,9,254,515,577,831,3.83e-16,85.9,45.20
g8583.t1,F4IV99.1,29.487,234,137,8,231,443,597,823,7.92e-16,85.1,49.57
g8583.t1,F4JTF6.1,30.808,198,119,6,256,437,218,413,8.88e-16,84.7,50.00
g8583.t1,A1C9W6.1,26.087,299,171,10,242,518,814,1084,1.01e-15,84.7,46.49
g8583.t1,Q5BAZ5.1,25.667,300,171,11,242,518,777,1047,1.17e-15,84.3,46.67
g8583.t1,Q9NDJ2.2,26.909,275,160,7,255,515,906,1153,1.21e-15,84.7,44.36
g8583.t1,Q4WTV7.1,26.000,300,170,11,242,518,812,1082,1.47e-15,84.3,46.33
g8583.t1,A1CZE5.1,26.000,300,170,11,242,518,812,1082,1.91e-15,84.0,46.33
g8583.t1,Q5ARK3.2,28.070,285,170,10,248,515,810,1076,2.40e-15,83.6,45.26
g8583.t1,B0R061.1,33.668,199,105,8,257,433,439,632,2.77e-15,83.2,48.24
g8583.t1,P38144.2,25.685,292,157,10,237,507,169,421,3.20e-15,82.8,44.86
g8583.t1,Q0CA78.1,24.832,298,176,10,242,518,797,1067,3.36e-15,83.2,46.64
g8583.t1,Q2UTQ9.1,24.916,297,177,9,242,518,612,882,3.49e-15,82.8,46.80
g8583.t1,P22082.1,25.899,278,169,9,253,515,756,1011,3.52e-15,83.2,45.68
g8583.t1,Q9NEL2.4,25.632,277,161,8,255,515,550,797,3.79e-15,83.2,44.77
g8583.t1,F4J9M5.1,30.769,221,126,8,251,450,387,601,3.80e-15,82.8,48.42
g8583.t1,Q9S775.1,29.412,221,117,8,257,441,266,483,3.92e-15,82.8,46.61
g8583.t1,E7F1C4.1,35.233,193,95,8,263,433,429,613,4.53e-15,82.4,47.67
g8583.t1,A7EQA8.1,25.704,284,162,11,257,518,834,1090,4.97e-15,82.4,47.89
g8583.t1,Q0UG82.2,26.316,285,159,11,257,518,814,1070,5.16e-15,82.4,47.37
g8583.t1,B4MX21.1,24.632,272,174,6,255,497,145,414,6.44e-15,81.6,42.65
g8583.t1,A2R9H9.1,25.333,300,172,11,242,518,802,1072,6.71e-15,82.0,46.33
g8583.t1,Q872I5.3,26.408,284,160,10,257,518,1111,1367,1.32e-14,81.3,46.48
g8583.t1,Q4IL82.1,25.704,284,162,10,257,518,1038,1294,2.04e-14,80.5,46.83
g8583.t1,Q04692.2,35.468,203,110,9,257,440,483,683,2.08e-14,80.5,48.28
g8583.t1,Q29KH2.2,24.535,269,172,6,255,494,144,410,2.21e-14,80.1,42.38
g8583.t1,D3Z9Z9.1,35.468,203,110,9,257,440,486,686,2.58e-14,80.1,48.28
g8583.t1,E1B7X9.2,34.483,203,112,9,257,440,490,690,2.65e-14,80.1,48.77
g8583.t1,B4GS98.1,24.535,269,172,6,255,494,144,410,2.67e-14,79.7,42.38
g8583.t1,A5E0W5.1,25.795,283,160,10,250,510,724,978,2.78e-14,80.1,47.00
g8583.t1,F4K128.1,31.068,206,119,7,251,437,370,571,2.99e-14,79.7,48.06
g8583.t1,B4KHL5.1,24.265,272,175,7,255,497,141,410,3.27e-14,79.3,44.12
g8583.t1,A9X4T1.1,29.703,202,112,7,263,441,205,399,3.32e-14,79.7,49.01
g8583.t1,Q6ZPV2.2,25.177,282,158,9,253,510,508,760,4.16e-14,79.7,43.62
g8583.t1,Q9ZUL5.1,30.612,196,111,6,263,433,213,408,4.27e-14,79.0,47.45
g8583.t1,A4R227.1,28.169,284,155,10,257,518,1071,1327,4.45e-14,79.3,43.66
g8583.t1,B6ZLK2.1,29.851,201,119,7,263,444,477,674,4.81e-14,79.3,47.76
g8583.t1,Q9ULG1.2,25.177,282,158,9,253,510,506,758,4.90e-14,79.3,43.62
g8583.t1,Q9H4L7.2,34.483,203,112,9,257,440,488,688,4.98e-14,79.0,48.77
g8583.t1,B4M9A8.1,24.535,269,172,7,255,494,141,407,5.81e-14,78.6,43.87
g8583.t1,Q6DIC0.1,27.465,284,171,10,253,523,718,979,6.42e-14,79.0,44.72
g8583.t1,P51531.2,27.465,284,171,10,253,523,713,974,6.95e-14,79.0,44.72
g8583.t1,Q6BGY8.2,25.526,333,198,10,250,560,554,858,7.40e-14,78.6,43.84
g8583.t1,Q9VDY1.2,25.547,274,159,8,256,510,528,775,9.80e-14,78.2,44.89
g8583.t1,P51532.2,26.154,325,200,11,212,523,707,1004,1.02e-13,78.2,43.08
g8583.t1,A7Z019.1,26.154,325,200,11,212,523,699,996,1.09e-13,78.2,43.08
g8583.t1,Q3TKT4.1,26.154,325,200,11,212,523,707,1004,1.10e-13,78.2,43.08
g8583.t1,Q8K1P7.1,26.154,325,200,11,212,523,707,1004,1.13e-13,78.2,43.08
g8583.t1,Q08773.1,24.906,265,155,9,263,494,184,437,1.32e-13,77.8,47.55
g8583.t1,Q4WAS9.1,26.950,282,163,12,255,515,822,1081,1.48e-13,77.8,45.39
g8583.t1,B3MMA5.1,23.616,271,177,7,255,497,151,419,1.53e-13,77.4,43.54
g8583.t1,Q6ZRS2.3,24.918,305,179,9,255,536,610,887,2.10e-13,77.4,43.61
g8583.t1,Q6BKC2.2,29.189,185,110,5,255,423,773,952,2.23e-13,77.0,49.19
g8583.t1,Q59U81.2,26.102,295,164,10,255,515,815,1089,3.24e-13,76.6,43.73
g8583.t1,Q60EX7.1,30.097,206,122,7,251,437,425,627,4.15e-13,76.3,47.57
g8583.t1,P31380.1,32.020,203,109,7,257,436,563,759,4.56e-13,75.9,46.31
g8583.t1,Q7S133.1,25.325,308,178,11,254,532,936,1220,4.61e-13,76.3,43.83
g8583.t1,Q9UTN6.1,25.362,276,166,9,257,515,409,661,4.78e-13,75.9,46.74
g8583.t1,P43610.2,28.365,208,131,5,250,441,208,413,5.00e-13,75.9,44.71
g8583.t1,Q4IAK7.1,25.902,305,180,10,254,532,802,1086,5.29e-13,75.9,42.95
g8583.t1,P94593.2,29.384,211,114,8,254,442,441,638,6.69e-13,75.5,45.97
g8583.t1,Q59KI4.2,23.860,285,167,8,256,518,665,921,1.34e-12,74.7,45.26
g8583.t1,E9PZM4.1,29.864,221,125,10,254,447,471,688,1.43e-12,74.7,48.87
g8583.t1,P25439.2,26.429,280,160,10,262,523,772,1023,1.66e-12,74.3,45.71
g8583.t1,O14647.2,29.864,221,125,10,254,447,471,688,1.70e-12,74.3,48.87
g8583.t1,Q6PFE3.1,26.794,209,127,7,255,441,266,470,1.79e-12,73.9,47.37
g8583.t1,Q6PGB8.1,24.880,209,138,6,245,437,167,372,1.99e-12,73.9,48.33
g8583.t1,Q759G7.2,29.730,185,109,5,255,423,663,842,2.03e-12,73.9,47.57
g8583.t1,Q7G8Y3.2,27.179,195,127,6,256,437,224,416,2.19e-12,73.9,47.69
g8583.t1,O14646.2,28.856,201,121,7,263,444,481,678,2.29e-12,73.9,46.77
g8583.t1,O60264.1,25.789,190,122,5,263,437,180,365,2.51e-12,73.6,48.42
g8583.t1,P40201.3,28.856,201,121,7,263,444,479,676,2.60e-12,73.9,46.77
g8583.t1,Q6FV37.1,23.919,347,200,12,256,575,715,1024,2.84e-12,73.6,44.67
g8583.t1,B4JCS7.1,25.806,217,132,5,255,444,141,355,3.24e-12,73.2,43.78
g8583.t1,Q9JIX5.2,25.723,311,157,10,261,546,809,1070,3.41e-12,73.6,41.16
g8583.t1,Q9HCK8.5,25.723,311,157,10,261,546,809,1070,3.59e-12,73.6,41.16
g8583.t1,Q09XV5.1,25.723,311,157,10,261,546,811,1072,3.85e-12,73.2,41.16
g8583.t1,Q6CNY4.1,24.422,303,173,8,256,533,739,1010,3.94e-12,73.2,43.89
g8583.t1,A6ZU34.1,25.000,284,165,9,256,518,705,961,4.45e-12,73.2,45.42
g8583.t1,Q7KU24.1,27.536,207,128,7,263,451,528,730,4.75e-12,72.8,48.31
g8583.t1,P28370.2,24.402,209,139,6,245,437,163,368,5.06e-12,72.8,47.85
g9086.t1,P49754.3,40.315,826,446,16,83,894,28,820,0.0,583,59.44
g9086.t1,Q5KU39.1,40.073,826,448,16,83,894,27,819,0.0,583,59.44
g9086.t1,E7F590.1,38.499,826,461,17,83,894,28,820,0.0,564,59.93
g9086.t1,P93231.1,32.683,820,476,24,83,857,36,824,5.08e-119,388,50.12
g9086.t1,P93043.3,30.454,903,506,25,83,894,42,913,6.99e-115,377,48.06
g9086.t1,Q9P7N3.2,27.907,774,508,19,83,839,24,764,5.31e-86,296,48.32
g9086.t1,Q19954.4,25.744,874,561,23,75,893,30,870,9.99e-80,280,46.11
g9086.t1,Q618H8.1,25.479,887,587,26,54,893,8,867,3.82e-73,261,47.80
g9086.t1,P38959.2,21.956,1002,597,34,7,863,17,978,1.53e-37,155,40.52
g9086.t1,Q5ZMA2.1,31.304,115,69,5,60,170,309,417,0.009,43.1,45.22
g9086.t1,Q08E38.1,38.182,55,32,2,116,170,364,416,0.014,42.4,56.36
g9086.t1,Q99KP6.1,38.182,55,32,2,116,170,364,416,0.015,42.4,56.36
g9086.t1,Q9UMS4.1,38.182,55,32,2,116,170,364,416,0.015,42.4,56.36
g9432.t1,Q8NDH3.3,45.520,558,205,7,952,1509,38,496,2.80e-146,461,59.32
g9432.t1,Q6NSR8.1,44.982,558,208,7,952,1509,38,496,2.98e-146,461,59.50
g9432.t1,Q5R7G6.2,45.520,558,205,7,952,1509,38,496,3.01e-146,461,59.32
g9432.t1,P34629.1,39.139,511,224,7,1001,1510,66,490,1.75e-102,340,53.82
g9432.t1,Q8BX37.2,43.990,391,173,6,1,347,46,434,6.90e-97,322,58.06
g9432.t1,Q6ZNF0.2,43.386,378,169,5,14,347,58,434,5.65e-96,320,58.99
g9432.t1,A5D6U8.1,40.852,399,186,7,1,350,45,442,1.83e-89,301,57.14
g9432.t1,Q9PP04.1,40.000,265,148,7,1228,1491,204,458,6.57e-49,185,58.87
g9432.t1,Q7VGF0.1,39.597,298,154,10,1209,1493,177,461,8.83e-48,182,58.39
g9432.t1,C0QSL9.1,40.727,275,153,6,1209,1483,205,469,8.40e-47,179,56.00
g9432.t1,O67868.1,38.095,294,164,7,1208,1493,196,479,7.26e-45,174,56.12
g9432.t1,Q8NNJ4.1,39.189,296,161,9,1217,1504,214,498,1.23e-44,173,54.39
g9432.t1,B2V6F5.1,39.273,275,157,6,1209,1483,204,468,1.23e-44,173,57.45
g9432.t1,B1YKV4.1,34.153,366,177,12,1123,1479,135,445,4.54e-44,171,51.37
g9432.t1,Q7M8W6.1,36.545,301,166,8,1209,1497,186,473,7.94e-44,170,55.15
g9432.t1,B3ED46.1,36.519,293,172,6,1217,1504,220,503,7.33e-43,168,53.92
g9432.t1,A6X259.1,33.676,389,196,13,1118,1496,152,488,1.80e-42,167,50.39
g9432.t1,Q17W06.1,38.983,295,161,8,1209,1493,197,482,4.94e-42,165,55.93
g9432.t1,B6JLF2.1,38.644,295,162,8,1209,1493,197,482,8.33e-42,164,56.27
g9432.t1,Q1CTV6.1,38.644,295,162,8,1209,1493,197,482,8.81e-42,164,56.27
g9432.t1,Q8G1M4.1,34.615,390,191,15,1118,1496,151,487,9.31e-42,164,50.51
g9432.t1,B2UTQ8.1,38.644,295,162,8,1209,1493,197,482,1.10e-41,164,56.27
g9432.t1,B5Z6U1.1,38.644,295,162,8,1209,1493,197,482,1.11e-41,164,55.93
g9432.t1,A5VPM3.1,34.615,390,191,15,1118,1496,151,487,1.21e-41,164,50.51
g9432.t1,Q816E3.1,39.114,271,155,7,1209,1479,200,460,2.63e-41,163,55.35
g9432.t1,B7IMU0.1,38.745,271,156,6,1209,1479,200,460,3.26e-41,163,54.24
g9432.t1,Q8YG99.1,34.190,389,194,14,1118,1496,139,475,3.55e-41,162,50.39
g9432.t1,A5U4P1.1,37.500,288,167,8,1208,1491,213,491,3.74e-41,163,55.90
g9432.t1,A1KKQ5.1,37.500,288,167,8,1208,1491,213,491,4.07e-41,163,55.90
g9432.t1,Q9ZLR1.1,38.305,295,163,8,1209,1493,197,482,4.18e-41,162,55.93
g9432.t1,Q6NG90.1,36.842,304,171,9,1210,1504,207,498,4.50e-41,162,54.28
g9432.t1,O25294.1,38.305,295,163,8,1209,1493,197,482,4.81e-41,162,55.93
g9432.t1,B7HBG1.1,38.745,271,156,6,1209,1479,200,460,5.05e-41,162,54.24
g9432.t1,A7Z8B5.1,38.246,285,165,7,1219,1503,211,484,5.48e-41,162,54.04
g9432.t1,Q2JRU4.1,39.933,298,159,8,1209,1497,211,497,7.86e-41,162,56.04
g9432.t1,B7HUR5.1,38.007,271,158,6,1209,1479,200,460,1.49e-40,161,54.98
g9432.t1,A8FH04.1,31.959,388,208,11,1092,1479,130,461,1.95e-40,160,48.97
g9432.t1,A4ISE0.1,38.760,258,148,7,1222,1479,218,465,2.20e-40,160,55.81
g9432.t1,B2HGY2.1,37.024,289,165,9,1209,1491,218,495,2.67e-40,160,55.71
g9432.t1,B7JDH9.1,38.007,271,158,6,1209,1479,200,460,2.86e-40,160,54.24
g9432.t1,A0RKB5.1,38.007,271,158,6,1209,1479,200,460,3.05e-40,160,54.24
g9432.t1,Q6HBY2.1,38.007,271,158,6,1209,1479,200,460,3.14e-40,160,54.24
g9432.t1,A9VMY8.1,39.416,274,150,10,1209,1479,200,460,3.35e-40,160,57.30
g9432.t1,A0PTP9.1,37.024,289,165,9,1209,1491,218,495,4.83e-40,160,55.36
g9432.t1,Q632E1.1,37.638,271,159,6,1209,1479,200,460,5.81e-40,159,54.24
g9432.t1,Q72YG1.1,37.638,271,159,6,1209,1479,200,460,6.14e-40,159,54.24
g9432.t1,B9J3C5.1,37.638,271,159,6,1209,1479,200,460,6.56e-40,159,54.24
g9432.t1,A7GUC8.1,38.376,271,157,8,1209,1479,199,459,7.69e-40,159,55.72
g9432.t1,B8HTK3.1,35.135,296,175,6,1209,1497,202,487,8.92e-40,159,53.38
g9432.t1,Q8EI85.2,35.135,296,174,7,1208,1496,205,489,1.18e-39,158,54.39
g9432.t1,B3R0N4.1,31.892,370,195,8,1135,1496,167,487,1.54e-39,158,47.57
g9432.t1,B2J3G8.1,37.195,328,189,6,1177,1497,168,485,2.33e-39,157,52.74
g9432.t1,Q7N231.1,35.664,286,171,7,1222,1500,147,426,3.00e-39,155,53.50
g9432.t1,B0CCF6.1,36.749,283,168,8,1209,1491,202,473,4.69e-39,156,55.83
g9432.t1,A1BGN2.1,33.333,291,177,7,1217,1500,219,499,9.52e-39,155,53.26
g9432.t1,B1V932.1,31.398,379,203,9,1126,1496,153,482,1.19e-38,155,46.44
g9432.t1,A8GQW7.1,36.177,293,167,8,1214,1496,210,492,1.54e-38,155,53.58
g9432.t1,Q7NHC6.1,39.088,307,166,9,1200,1497,204,498,1.72e-38,155,55.05
g9432.t1,O32106.1,35.811,296,177,7,1209,1503,201,484,2.23e-38,154,53.04
g9432.t1,Q9A7M9.1,32.997,397,203,12,1118,1503,146,490,2.23e-38,154,48.11
g9432.t1,Q7V0D4.1,37.584,298,169,8,1208,1497,196,484,2.60e-38,154,52.35
g9432.t1,Q31ET3.1,35.621,306,182,7,1195,1497,193,486,5.21e-38,153,51.31
g9432.t1,A8EXL1.1,36.271,295,167,9,1212,1496,208,491,5.34e-38,153,53.56
g9432.t1,Q3M9J6.1,37.582,306,174,8,1199,1497,190,485,1.15e-37,152,55.56
g9432.t1,C4K1N6.1,35.836,293,168,8,1214,1496,210,492,1.41e-37,152,52.56
g9432.t1,O32956.1,35.986,289,168,9,1209,1491,223,500,1.53e-37,152,53.98
g9432.t1,A8F0Q0.1,35.593,295,170,8,1212,1496,208,492,1.57e-37,152,52.54
g9432.t1,Q4UKD7.2,35.495,293,173,7,1212,1496,208,492,1.59e-37,152,52.56
g9432.t1,C6E543.1,36.824,296,169,9,1209,1497,201,485,1.64e-37,152,53.04
g9432.t1,Q6D266.1,38.062,289,160,9,1222,1500,152,431,1.66e-37,150,50.17
g9432.t1,Q8F0Q1.1,34.333,300,179,7,1209,1499,197,487,1.82e-37,152,53.00
g9432.t1,Q72UC6.1,34.333,300,179,7,1209,1499,197,487,1.89e-37,152,53.00
g9432.t1,Q1IPU7.1,37.589,282,160,9,1199,1479,214,480,2.33e-37,152,55.32
g9432.t1,C3PMI0.1,35.836,293,168,8,1214,1496,210,492,2.35e-37,151,52.56
g9432.t1,Q319F5.1,36.455,299,171,9,1208,1497,196,484,2.49e-37,151,53.85
g9432.t1,Q7NTY9.1,37.143,315,179,10,1208,1514,206,509,2.68e-37,152,50.48
g9432.t1,A3Q1S2.1,36.170,282,165,8,1209,1483,208,481,3.09e-37,151,53.55
g9432.t1,A1UIA8.1,36.170,282,165,8,1209,1483,208,481,3.36e-37,151,53.55
g9432.t1,Q8Z064.1,37.255,306,175,7,1199,1497,190,485,4.22e-37,150,54.58
g9432.t1,Q315M7.1,34.177,316,184,8,1208,1507,204,511,5.79e-37,150,51.90
g9432.t1,Q3A831.1,34.884,301,178,8,1209,1502,207,496,5.88e-37,150,51.83
g9432.t1,Q65FE6.1,37.165,261,154,5,1219,1479,211,461,9.90e-37,149,54.02
g9432.t1,Q2JKL5.1,38.926,298,162,8,1209,1497,211,497,1.14e-36,149,54.36
g9432.t1,B0JL23.1,35.608,337,196,9,1168,1497,161,483,1.16e-36,149,53.12
g9432.t1,Q11A96.1,34.591,318,187,8,1187,1497,188,491,1.48e-36,149,51.26
g9432.t1,A0LK12.1,34.114,299,179,9,1209,1499,207,495,1.54e-36,149,53.85
g9432.t1,Q67NI4.1,37.778,270,145,9,1238,1497,224,480,1.62e-36,149,53.70
g9432.t1,C3M9C8.1,32.178,404,202,15,1103,1496,146,487,1.82e-36,149,46.53
g9432.t1,B3QVE8.1,31.987,297,185,7,1192,1485,202,484,1.90e-36,149,52.19
g9432.t1,C5D720.1,35.632,261,158,6,1219,1479,215,465,1.96e-36,149,52.87
g9432.t1,Q11HH5.1,36.242,298,173,8,1211,1501,203,490,2.03e-36,149,51.68
g9432.t1,Q944P7.2,37.143,280,164,9,1222,1497,303,574,3.86e-36,149,55.71
g9432.t1,Q73YK2.1,37.050,278,164,8,1209,1483,214,483,4.83e-36,148,56.12
g9432.t1,A5CXK2.1,35.959,292,171,9,1209,1496,188,467,4.88e-36,147,54.79
g9432.t1,Q5X1Q9.1,35.915,284,168,7,1222,1502,206,478,5.36e-36,147,51.06
g9432.t1,A5CRI6.1,37.209,258,148,7,1232,1483,222,471,6.16e-36,147,51.94
g9432.t1,A5G9C7.1,34.343,297,177,7,1208,1497,203,488,6.22e-36,147,52.19
g9432.t1,B1JBA9.1,35.786,299,171,9,1207,1496,201,487,6.91e-36,147,52.17
g9432.t1,Q9CM16.1,33.427,356,202,12,1165,1508,100,432,8.11e-36,145,49.44
g9432.t1,Q8FNP8.2,37.762,286,161,9,1209,1491,209,480,8.33e-36,147,52.80
g12290.t1,A8WVU7.1,27.660,47,34,0,324,370,64,110,0.025,40.8,55.32
g12492.t1,Q32PH0.1,30.612,539,337,13,219,741,143,660,2.40e-58,223,50.46
g12492.t1,Q96Q05.2,29.326,549,342,14,218,741,142,669,3.81e-55,213,49.54
g12492.t1,Q3U0M1.2,28.519,547,347,12,219,741,143,669,1.70e-53,207,48.63
g12492.t1,Q9VIL0.2,28.969,359,240,9,392,743,416,766,2.31e-31,137,49.03
g12492.t1,Q9VIL0.2,21.908,283,187,5,815,1069,985,1261,1.42e-10,69.3,41.34
g12974.t1,Q8CJB9.1,24.227,970,534,25,31,870,10,908,9.64e-52,201,44.23
g12974.t1,Q5VTR2.2,23.984,1009,536,25,87,986,55,941,1.64e-48,191,43.51
g12974.t1,A2VDP1.1,23.734,1007,541,25,87,986,55,941,2.30e-48,190,43.30
g12974.t1,Q3U319.2,24.280,972,530,25,31,870,10,907,2.88e-48,190,43.62
g12974.t1,Q5DTM8.2,24.257,1010,530,26,87,986,55,939,3.30e-48,189,43.17
g12974.t1,O75150.5,24.345,916,501,25,85,870,54,907,5.28e-44,176,44.32
g12974.t1,Q9VRP9.2,31.579,475,241,10,519,986,613,1010,3.76e-43,174,49.26
g12974.t1,Q5RAU7.1,23.908,916,505,22,85,870,54,907,4.59e-43,174,43.23
g12974.t1,Q4R7K7.1,24.266,919,498,26,85,870,54,907,3.87e-42,171,44.18
g12974.t1,Q5ZLS3.1,27.791,421,189,10,576,986,635,950,1.90e-23,110,44.18
g12974.t1,Q60YN5.1,44.068,59,32,1,929,986,737,795,5.07e-05,50.8,61.02
g12974.t1,P34537.2,39.344,61,35,1,928,986,744,804,0.005,44.7,57.38
g12974.t1,Q8RXD6.1,31.667,60,41,0,927,986,786,845,0.007,43.9,61.67
g13620.t1,P0DPW4.1,47.826,46,24,0,57,102,29,74,6.29e-06,47.8,58.70
g15612.t1,P0DOW4.1,100.000,445,0,0,1,445,1,445,0.0,814,100.00
g16375.t1,P0DPW4.1,39.759,83,50,0,111,193,29,111,9.92e-14,68.6,60.24
g16375.t1,P0DPW5.1,37.500,64,40,0,111,174,28,91,1.46e-06,48.9,53.12
g16375.t1,P0DPW3.1,25.926,81,44,2,102,182,20,84,0.011,37.4,46.91
g16734.t1,Q505L3.1,44.000,600,306,8,7,601,38,612,8.02e-147,453,60.50
g16734.t1,Q155U0.1,42.290,655,313,11,2,601,38,682,3.19e-146,454,59.08
g16734.t1,Q4V9Y0.1,43.144,598,314,7,7,601,41,615,7.81e-145,448,59.87
g16734.t1,A6QQ47.1,41.569,599,327,7,6,601,58,636,6.76e-135,423,59.27
g16734.t1,Q9UID3.2,41.569,599,327,7,6,601,59,637,9.36e-134,420,58.60
g16734.t1,Q3UVL4.2,41.903,599,325,7,6,601,59,637,1.18e-133,420,58.60
g16734.t1,Q8MSY4.1,35.430,604,367,9,6,605,7,591,1.95e-106,347,55.63
g16734.t1,Q5ZJ25.1,40.165,605,342,8,4,601,51,642,1.29e-99,330,58.02
g16734.t1,Q54KG3.1,27.832,618,383,16,5,595,173,754,5.54e-55,208,46.93
g16734.t1,O01839.2,24.662,592,404,8,8,595,5,558,2.60e-44,174,45.95
g16734.t1,Q0WQ75.1,36.170,235,148,2,9,243,42,274,1.20e-34,145,57.87
g16734.t1,Q2TBH9.1,21.739,161,114,3,54,210,88,240,0.025,42.0,41.61
g17688.t1,A4II09.1,39.286,84,51,0,1,84,1017,1100,1.20e-05,49.7,39.29
g17688.t1,A4II09.1,36.782,87,55,0,1,87,1007,1093,2.48e-05,48.5,37.93
g17688.t1,A4II09.1,38.095,84,52,0,1,84,1027,1110,4.51e-05,47.8,39.29
g17688.t1,A4II09.1,36.047,86,55,0,1,86,997,1082,7.71e-05,47.0,38.37
g17688.t1,A4II09.1,36.905,84,53,0,1,84,1037,1120,1.70e-04,45.8,39.29
g17688.t1,A4II09.1,34.483,87,57,0,1,87,1107,1193,7.54e-04,43.9,40.23
g17688.t1,A4II09.1,35.714,84,54,0,1,84,1047,1130,8.40e-04,43.9,39.29
g17688.t1,A4II09.1,35.714,84,54,0,1,84,1057,1140,8.55e-04,43.9,40.48
g17688.t1,A4II09.1,33.721,86,57,0,1,86,1097,1182,0.007,40.8,40.70
g17688.t1,A4II09.1,34.483,87,57,0,1,87,1067,1153,0.014,40.0,40.23
g17688.t1,A4II09.1,34.524,84,55,0,1,84,1077,1160,0.019,39.7,40.48
g17688.t1,A2VD00.1,39.286,84,51,0,1,84,1069,1152,2.33e-05,48.5,39.29
g17688.t1,A2VD00.1,38.372,86,53,0,1,86,1059,1144,3.54e-05,48.1,38.37
g17688.t1,A2VD00.1,37.209,86,54,0,1,86,1049,1134,8.39e-05,47.0,37.21
g17688.t1,A2VD00.1,35.227,88,57,0,1,88,1119,1206,8.62e-05,47.0,40.91
g17688.t1,A2VD00.1,38.095,84,52,0,1,84,1079,1162,1.16e-04,46.6,39.29
g17688.t1,A2VD00.1,35.632,87,56,0,1,87,1039,1125,2.40e-04,45.4,35.63
g17688.t1,A2VD00.1,36.782,87,55,0,1,87,1099,1185,4.24e-04,44.7,40.23
g17688.t1,A2VD00.1,36.905,84,53,0,1,84,1089,1172,5.76e-04,44.3,39.29
g17688.t1,A2VD00.1,34.483,87,57,0,1,87,1029,1115,7.49e-04,43.9,34.48
g17688.t1,A2VD00.1,33.333,87,58,0,1,87,1019,1105,0.002,42.4,33.33
g17688.t1,A2VD00.1,33.766,77,51,0,1,77,1009,1085,0.004,42.0,33.77


